text,toxicity,severe_toxicity,identity_attack,insult
Nefretlikten de Ã¶te hiÃ§ sevmiyorum seni amk,0.15600902,0.019095084,0.034558404,0.06669625
Non meritavi questo affrontato â¤ï¸,0.09394901,0.0031280518,0.0031633168,0.05262003
"Sylla sei una vergogna per la pallavolo, non ricevi, non attacchi e non hai neanche superato i 10 punti in 5 set. Milano ha perso per colpa tua.",0.43965456,0.011672974,0.008879486,0.5130944
@warrior_fede la cosa che intuiamo Ã¨ che Danesi partirÃ  titolare e questo non mi convince,0.02449606,0.0011253357,0.0052166977,0.011768902
@alcor1963 spero proprio di no ğŸ˜¢,0.014890783,0.00082969666,0.0018498929,0.008557882
"Non lascia niente, Ã¨ in nazionale, semplicemente non Ã¨ piÃ¹ lei il capitano.",0.0018770555,8.165836e-05,0.00019423875,0.0059453663
@alcor1963 ho paura che non la voglia schierare in campo ğŸ˜¢ğŸ˜¢,0.23162876,0.014253352,0.011469335,0.04852104
"Ma perchÃ© toglierle la fascia di capitano? Non capisco,",0.043399423,0.0016117096,0.003348306,0.027218282
Per me Danesi non Ã¨ adatta.,0.18459146,0.007286072,0.18235919,0.06302499
@eva_dioniso ancora non ci credo ..non Ã¨ possibile che un'altra fuori classe lascia ğŸ˜¢! SARÃ€ TUTTO DIVERSO,0.22579013,0.006866455,0.021183543,0.1469393
"Ma perchÃ© Miriam, ripensaci... ğŸ˜¢",0.013257195,0.00031232834,0.00056421733,0.012680908
@muzzi895 ğŸ˜‚ğŸ˜‚ğŸ˜‚ğŸ˜‚ğŸ˜‚ğŸ˜‚ğŸ˜‚ğŸ˜‚ğŸ˜‚ğŸ˜‚ğŸ˜‚ğŸ˜‚ğŸ˜‚ğŸ˜‚ğŸ˜‚ğŸ˜‚ğŸ˜‚ğŸ˜‚ğŸ˜‚,0.029092113,0.004863739,0.0024418586,0.013972916
@musagok.14 you have a very serious problems!,0.3286776,0.005569458,0.0071775843,0.26957804
Danesi capitano? PerchÃ©??? Boh,0.032156147,0.0012493134,0.0045507364,0.020385906
ğŸ˜¢â¤ï¸,0.011937759,0.0016784668,0.0022291208,0.0076268767
Ma nooooo!!!,0.007916619,0.00051498413,0.00072145823,0.007892879
"@musagok.14 please, shut up",0.56269526,0.02449106,0.012943448,0.54471385
@annadanesi you donâ€™t deserve being captain you even canâ€™t hit.,0.3969567,0.019224197,0.014852738,0.29383746
Non capisco ğŸ˜,0.0068485034,0.00038146973,0.0005387813,0.007322875
Mi sembra molto chiaro ! Se sono arrivati a fare questo non siamo messi bene!,0.021667719,0.0005221367,0.0013041744,0.015872927
ğŸ˜¢ğŸ˜¢ğŸ˜¢,0.025910228,0.0025939941,0.0030708222,0.010058892
Anche con Chirichella  Ã¨ successo uguale con Mazzanti e dopo 3 giorni ha perso la titolaritÃ . Forse Velasco ha deciso che le bande sono Bosetti+ Pietrini e lui vuole il capitano sempre in campo,0.022139108,0.00053167343,0.0012856756,0.018258847
Ma il ct le spiegherÃ  le sue scelte?!?ğŸ¥º,0.02249265,0.0011777878,0.0009989422,0.017485369
@c.marchelli da fuuuck,0.509388,0.29621798,0.007954539,0.4534306
ğŸ’”ğŸ’”ğŸ’”,0.013948329,0.0016403198,0.0017573982,0.007778878
"No, non sono d'accordo ğŸ˜¢",0.0047436883,0.00023365021,0.0005896533,0.0064583695
@lombardi3039 ma le leggete le robe e andate oltre le prime due righe prima di commentare o no? Booooh,0.18079062,0.0026893616,0.0029968263,0.12702756
Ma noooo!!!,0.007979449,0.0005745888,0.0006890851,0.007930879
ğŸ˜¢â¤ï¸ğŸ”¥,0.019477395,0.003528595,0.0022291208,0.008937885
ğŸ˜¢,0.026028076,0.0018310547,0.003144818,0.010818896
"Avrai sicuramente le tue buone ragioni,a meno che non sia stata una imposizione.In ogni caso Ã¨ una sconfitta per la squadra,,senza nulla togliere alla pur brava Danesi.Peccato",0.034513097,0.000872612,0.0073255757,0.022706337
ğŸ˜¢,0.026028076,0.0018310547,0.003144818,0.010818896
Iniziamo malissimoâ€¦ ğŸ¥º,0.022610499,0.00086307526,0.00103594,0.0140109155
Non comprendo molto....Anna bravissima nel suo ruolo ma come capitano non ce la vedo,0.024613906,0.0005578995,0.0016001574,0.020063626
"Fatico a comprendere questa scelta, ma faccio veramente tanta fatica...",0.006440107,0.00015974045,0.00029135813,0.007303875
Che peccato,0.02873857,0.0009870529,0.0011746819,0.017292
"Mi Ã¨ preso un colpo, pensavo lasciassi la Nazionale!",0.04216247,0.0025558472,0.008583503,0.022899706
Ci mancherai ğŸ˜¢,0.009613037,0.0007009506,0.001313424,0.0088618845
Peccato mia figlia e le amiche hanno 15 anni,0.040925518,0.0022792816,0.0041992567,0.020256994
Sempre cazzutaâ¤ï¸,0.44573322,0.023692908,0.016862517,0.36939126
@miriamsylla tanto grazie a te e altre campionesse come te si sta appassionando a questo sportâ€¦ io da papÃ  durante le â€œ sue partite â€œ soffroâ€ â€¦ come un matto ğŸ˜‚,0.27750343,0.00415802,0.0050317086,0.24630153
@robertofiorili mi sa che da piccolo i tuoi genitori non ti davano abbastanza attenzioni,0.37955463,0.017222947,0.020882076,0.35677677
"@robertofiorili comunque la densitÃ  dell'Europa Ã¨ 73 abitanti per chilometro quadrato, quella dell'Italia Ã¨ 200. GiÃ , ma noi ovviamente dobbiamo fare lo ius soli. PiÃ¹ coglioni di voi non ce n'Ã¨",0.5566829,0.042180564,0.099899694,0.5935568
@gio711001 non parlare di quello che non conosci. Tu non sai cos'Ã¨ un neurone a parte quello che alloggia nel tuo culo (non certo in testa),0.76523775,0.34962174,0.06795148,0.66500133
"@gio711001 Leggo ora la farneticante affermazione ""l'80% degli Stati degli Stati Uniti applica lo ius soli"" Ovvero stai dicendo che l'80% degli Stati degli Stati Uniti dÃ  la cittadinanza americana (US citizen) se uno nasce in quello Stato. CioÃ¨, secondo te il singolo Stato degli Stati Uniti concede la cittadinanza degli Stati Uniti. Stai affermando letteralmente che il Texas dÃ  la cittadinanza di tutti gli Stati Uniti se uno nasce in Texas ğŸ˜‚ Ovviamente quella della cittadinanza Ã¨ una legge federale, in quanto non esiste la cittadinanza della Texas, della Florida o dell'Alaska. Il bello Ã¨ che non puoi esserti espresso male, perchÃ© anche sforzandosi non si riesce davvero a intuire che cosa potresti aver voluto dire parlando di un 80% in questo contesto. Tu non hai i mezzi intellettivi per parlare di quello che sta di cui stai parlando, presumibilmente non ti sai esprimere in italiano, ed evidentemente  non sai cosa sia uno Stato Federale, e probabilmente non sai neanche che gli USA lo sono. Quando uno Ã¨ al tuo livello, come crede di poter discutere di qualsiasi argomento che non riguardi le figurine dei puffi?",0.18554166,0.010681152,0.029660052,0.10587067
"@gio711001 Coglione, lo ius soli non distingue tra immigrati e turisti. O non distinguerebbe. Quindi sei tu che sei nato coglione come Ã¨ ovvio a tutti  e non sai  di cosa si parla, minchione",0.7998551,0.45895407,0.17459276,0.8082062
"@gio711001 ""gli Stati Uniti hanno inventato l'assistenzialismo"". Hahaha! La battuta del secolo! Scompari, che Ã¨ meglio ğŸ˜‚",0.3977292,0.023076924,0.09080041,0.3388922
"Ãˆ ovvio che lei Ã¨ li (ed in qualitÃ  di ospite credo anche pagata) per fare un piacere a Fazio, megafono della sinistra. Apri gli occhi!",0.28548008,0.007171631,0.019173764,0.2469859
"@ferrarma Non la metta sul patetico "" prosegua la sua vita ""ğŸ˜‚. HANNO TUTTI I DIRITTI E SCUOLE a loro disposizione. Mi pare giÃ  abbastanza.  Lo ius soli non fa parte della cultura europea. Noi non siamo gli U.S.A. o il Canada, scatoloni da riempire, paesi ESCLUSIVAMENTE DI IMMIGRATI ( TRANNE I POVERI NERI DISCENDENTI DI SCHIAVI E I POCHI NATIVI ORIGINARI RIMASTI) Se io fossi nato per puro caso oltre il Brennero x doglie improvvisa,",0.56269526,0.03680043,0.48915586,0.5739874
@worldofbeauty575 Brutta capraccia a pecora.,0.3972142,0.023076924,0.016159095,0.4339631
"@worldofbeauty575 Ancora, KAPRAAAA???ğŸ˜‚ğŸ˜‚ğŸ˜‚ğŸ˜‚ğŸ˜‚",0.041915078,0.00289917,0.007029593,0.028722567
"@worldofbeauty575 Ancora senza virgole??? LA PUNTEGGIATURA!!! DEVI USARLA, SE VUOI FARE LA FRICCHETTONA SACCENTE! SI scrive: ""Studia, ignorante"" .. CAPRAAAAAAA",0.568186,0.16233426,0.02721288,0.5935568
@worldofbeauty575 Che figura di merda ğŸ˜‚Vai a letto,0.60311776,0.16960317,0.014249804,0.5678696
"@worldofbeauty575 ğŸ˜‚ğŸ˜‚ğŸ˜‚ğŸ˜‚ğŸ˜‚GUARDA COME SCRIVI!!! GUARDA!!! Metti le virgole, SEMIANALFABETA ! Sono gratis. They'r free. Vediamo se in altre lingue capisci, fricchettona patetica",0.7510937,0.35368225,0.10221587,0.7804726
@worldofbeauty575 Ma tua sorella scrive maleğŸ˜‚ A pecora,0.36095104,0.013736901,0.01565665,0.40243408
"E infatti negli U.S.A. CI SONO MIGLIAIA DI DONNE FILIPPINE che vanno a partorire negli U.S.A. ( Ãˆ un fenomeno prettamente filippino, ma non sono le uniche) ğŸ™„",0.035691574,0.0014591217,0.020279141,0.017012933
@isasco313 E falla finita.  Bugiarda ğŸ˜‚,0.51869136,0.017933069,0.009360458,0.6306599
@enrico.minollo e quindi? Ãˆ ovvio che se la cosa gli crei problemi si lamenti,0.15490346,0.0030136108,0.008102531,0.06319981
@enrico.minollo e quindi Ã¨ ovvio che si lamenta se questo gli crea problemi,0.1693855,0.0033950806,0.009286462,0.06477321
@jason_pozzato81 teso gli italiani di cui parli tu nella percentuale maggiore porteranno un DNA nordafricano o medio-orientale viste le guerre e le invasioni che ci sono sempre state nella penisola italica. Leggilo un libro mi raccomando ğŸ¤¦ğŸ¼â€â™€ï¸,0.27525392,0.01683561,0.27340925,0.17610447
@enrico.minollo madonna mia Ã¨ ovvio che se hai il passaporto di un paese extracomunitario e vivi in Italia avrai problemi a fare qualsiasi cosa. Quanta ignoranza ğŸ¤¦ğŸ¼â€â™€ï¸,0.3389984,0.011672974,0.16587129,0.36798462
@fabrizioringhio77 mi sa che quello che non capisce un cazzo sei tu,0.8252207,0.3361876,0.046159767,0.6500014
"L'Italia non puÃ² dare la cittadinanza a tutti., dato che Ã¨ un paese fortemente assistenzialista. Quindi non puÃ² dare la cittadinanza semplicemente ai figli di chi viene a partorire qui. Gli Stati Uniti sono gli unici che hanno lo ius soli puro (e ovviamente adesso lo stanno mettendo in discussione) e lo hanno messo perchÃ© erano spopolati, avevano bisogno di persone e cittadini, e soprattutto non sono un paese assistenzialista che regala soldi a tutti; lÃ¬ la gente deve darsi da fare per poter vivere. Punto. Il discorso Ã¨ chiuso da tempo, in Italia questa puttanata dello ius soli non ci sarÃ  mai. Forse tra qualche decina d'anni quando sarÃ  fortemente spopolata non certo ora.",0.12260055,0.0065231323,0.09659086,0.06477321
chi nasce in Italia da genitori stranieri non Ã¨ italiano ma chi nasce e vive negli Stati Uniti o in Canada o in Argentina etc.. con nonni o bisnonni italiani puÃ² chiedere la cittadinanza .. ah ah ah che paese ridicoloğŸ˜¢,0.53579444,0.031420294,0.54996765,0.5130944
"@rinoraf ah bene. Quindi tu scrivi una cosa a caso, sotto un video che parla di tutt'altro, tanto per dar fiato alle trombe e criticare una situazione irreale che esiste solo nella tua testa, dato che la cittadinanza italiana non viene data a chi in Italia non ha mai vissuto. Spiegaci allora l'utilitÃ  del tuo commento....",0.24282593,0.0031471252,0.025404079,0.17858955
"Della serie se fa' comodo e sono bravi gli diamo la  cittadinanza  e la maglia ,sennÃ²  no !........che schifo !",0.32236105,0.012574885,0.012842959,0.29855028
"@rinoraf ma quale merito? Non hai capito nulla di quello che ha detto questa ragazza, voglio augurarmi che tu non abbia proprio ascoltato l'intervista, perchÃ© altrimenti Ã¨ grave. Ti professi italiano e pure difensore dell'italianitÃ , e non capisci concetti cosÃ¬ semplici... ti Ã¨ andata bene nella vita caro mio, se la cittadinanza venisse data con un esame di lingua, cultura e comprensione, tu saresti apolide.",0.28674445,0.007247925,0.018369852,0.26957804
"@rinoraf ğŸ˜‚ğŸ˜‚ğŸ˜‚ğŸ˜‚ ok quindi tu non reputi giusto che una persona nata e cresciuta in italia DA GENITORI STRANIERI possa avere la cittadinanza ,non sia mai i genitori decidano di tornare nel loro paese d'origine e questa persona possa ""vantare"" la sua italianita' ğŸ˜‚ğŸ˜‚ğŸ˜‚ hai ragione cosi ha senso ğŸ˜‚ğŸ˜‚ğŸ˜‚ se di base aei razzista e/o interdetto",0.33338684,0.019611536,0.2331515,0.26957804
"@rinoraf ğŸ˜‚ğŸ˜‚ğŸ˜‚ğŸ˜‚ se Ã¨ nata e cresciuta in italia il suo paese d'origine Ã¨ l'italia ,tonto. Mie figlie sono britanniche nate in uk da genitori italiani .quindi se io torno in italia loro smettono di essere inglesi? ğŸ˜‚ğŸ˜‚ğŸ˜‚ğŸ˜‚ğŸ˜‚ğŸ˜‚ per forza l italia Ã¨ inguaiata,la gente Ã¨ di coccio",0.47473195,0.043077253,0.37222284,0.5130944
"@rinoraf invece se un italiano figlio di italiani va in africa e ci sta tutta la vita poi torna in italia senza redditi o patrimoni, senza aver mai versato tasse o contributi, pensa che ha diritto alla pensione minima di vecchiaia. 600 euro al mese di assegno sociale che paga anche questa ragazza e tutti i contribuenti non italiani attualmente sul nostro territorio. Giusto cosÃ¬?",0.11171334,0.0031280518,0.09824528,0.029383656
Credo sia segno di un paese incivile.,0.1460314,0.0063705444,0.07425626,0.082372494
@rinoraf la legge in italia ancora non c'Ã¨. Si potrebbe decidere che hai il passaporto italiano solo se sei nato qui (come accade in alcuni paesi) oppure se hai fatto qui le scuole elementari o medie. Ma non che devi aspettare 18 anni + 1000 difficoltÃ  burocratiche e spese per essere considerato quello che sei ossia italiano,0.034748793,0.001206398,0.018168874,0.013896915
"Ancora con 'ste menate. Basta. Miriam Ã¨ una grande pallavolista e un monumento dello sport , lasciatela stare politici del c...",0.38434127,0.018707745,0.011099357,0.36537176
@erminiabaj ğŸ˜¢,0.019100413,0.001707077,0.003921773,0.013402912
Fazio perde colpi,0.085582085,0.0041389465,0.004421244,0.028392024
@rinoraf lei potrebbe anche essere educato non le prendono una multa sa!,0.23198941,0.0040626526,0.005660672,0.15982662
@l_amoreconta_ eccone n'altra. Mi dici dove ho menzionato Silla??? Dove ho parlato di lei??? Se non sai comprendere quello che leggi Ã¨ un problema tuo,0.3266089,0.0048828125,0.0037367835,0.33964422
"Un giorno a scuola un mio alunno, nato in Italia da genitori marocchini, ha scoperto che lui non era italiano...io nel cercare di spiegare a lui e agli altri il perchÃ© MI SENTIVO MORIRE....",0.15545623,0.016641939,0.10221587,0.06722072
Siamo vergognosi ğŸ˜¢ğŸ˜¢ğŸ˜¢chi nasce in Italia Ã¨ italiano â¤â¤â¤,0.17198499,0.007133484,0.083355546,0.107333586
"@nunziaangora quindi siccome lei sta bene, sene deve fregare dei problemi degli altri?? Che povertÃ  di pensiero!",0.33338684,0.010604858,0.015254694,0.3388922
"@rinoraf Ã¨ arrivato il genio. Ma quanti casi vuoi che ci siano cosÃ¬ ? Semmai i bambini nati in Italia da genitori stranieri e sono decine di migliaia. E sono nati qui, frequentano le scuole qui, hanno gli amici qui, sanno lâ€™italiano meglio di lei e di meâ€¦ non sono italiani??? Diventano italiani per la gente ignorante solo quando sono campioni sportivi e ci servono in nazionale: siamo un popolo di trogloditi",0.45703048,0.023076924,0.33675182,0.5130944
E che soprattutto ne hanno rubati tanti di soldi allo stato italiano,0.13041082,0.0021743774,0.010655383,0.11464815
"Questa cosa Fazio l' ha sempre ribadita ed Ã¨ un'  argomento che gli sta cuore.  Mi ricordo un giovane ( maggiorenne) Gali' con Saviano per questa cosa,  quando ebbe la cittadinanza . Le interviste con Renzi . Ad ogni politico o istituzione si batte molto. Trovo anche io che sia una cosa assurda, stupida e senza alcun senso . â¤ï¸ğŸ˜¢",0.31547862,0.00579834,0.007214582,0.36798462
"Ma si legge e si sente di scuole dove tra un po'  insegneranno solo arabo, il 99% sono arabi. AVANZANO QUALCOSA ? Meglio trattati di cosÃ¬...cazzo vogliono ğŸ˜‚",0.5566829,0.35368225,0.5135796,0.47630358
@gimmy52 ğŸ¤£ğŸ¤£ğŸ¤£ğŸ¤£ eccone n'altro che non capisce quello che legge e non avendo argomenti tira fuori il fascismo ğŸ¤£ğŸ¤£ğŸ¤£ğŸ¤£ğŸ¤£,0.3389984,0.010757446,0.04151922,0.28791866
@pasquale_insurance be anche la svizzera Ã¨ fascista. W L'ITALIA ANTIFASCISTA,0.43230394,0.023880709,0.46028158,0.40243408
@rinalgram vedere che ancora scrivi cazzate Ã© noioso. W L'ITALIA ANTIFASCISTA,0.6611249,0.21902075,0.27914262,0.5739874
"@rinoraf eh!!!! ğŸ˜®, anche l'ultimo neurone Ã¨ scappato. W L'ITALIA ANTIFASCISTA",0.4014846,0.023082556,0.22783615,0.4378843
"Sembra quasi ci si ""vergogni"" ad essere africano o avere il passaporto di un paese di quel continente.",0.08637348,0.0061035156,0.08004672,0.043250903
@rinoraf leggi male e capisci peggio. Peccato.,0.36095104,0.004825592,0.003903274,0.36798462
"Ãˆ di Caracas e vi disprezza pure? Dammi retta, mandatelo affanculo e digli che Caracas in Italia significa degrado. Vuoi mettere l' Italia con il Venezuela? Anche se ha il passaporto italiano se rientrasse in Italia sarebbe considerato sudamericano, diglielo",0.5885171,0.35368225,0.34649673,0.5239335
"@rinoraf certo che avete problemi cognitivi molto gravi ğŸ¤£ğŸ¤£ nessuno che va nel merito, tutti a giudicare su affermazioni mai dette. Fatevi vedere ğŸ™ˆğŸ™ˆ",0.4402136,0.017739398,0.027413858,0.48627716
@rinoraf proprio duro si,0.044141594,0.002670288,0.0035147965,0.015340924
@rinoraf hai detto una cazzata che non c'entra niente con Miriam Sylla,0.63782936,0.16960317,0.048737846,0.47357693
Purtroppo anche in Svizzera Ã¨ la stessa cosa non hai la nazionalitÃ  automaticamente devi fare richiesta e devi pagare non poco,0.025792383,0.0014591217,0.015757138,0.0151129225
"vedi succede anche con una diva dal pallavolo, la cosa piÃ¹ triste di tutto Ã¨ che alla fine âœ”ï¸ dovâ€™Ã¨ che andremo  sotto terra sia italiani o stranieri neri.. Il mundo sÃºplica per pace compassione, meno odio discriminazione siamo tutti uguali ğŸŸ° uomini donne gay trans bi curiosi ğŸ‘€ giudichiamo oggi per essere giudicato domani ğŸ˜”ğŸ˜”ğŸ˜”ğŸ˜”ğŸ˜Ÿ",0.37458646,0.023076924,0.38230872,0.21836096
@rinoraf no come al solito siete degli analfabeti e scrivete commenti a cazzum,0.7675452,0.33047765,0.17303948,0.6991143
@fmm_cap quando non si hanno argomentazioni valide si tira fuori sempre l'argomento razzista ğŸ¤£ğŸ¤£ğŸ¤£ğŸ¤£ come al solito zero contenuti,0.29953843,0.008964539,0.060220852,0.16861114
@rinoraf tutto sto commento idiota solo per non ammettere che sei razzista????,0.6744087,0.027833538,0.116281845,0.6675394
@valuzzissima mi ha tolto le parole di bocca cosÃ¬ evito anche di rispondere. Grazie.,0.069754265,0.0011587143,0.0013596712,0.032689095
"@rinoraf ma tu sei lâ€™ottusitÃ  fatta persona, ma se lei Ã© nata in Italia, ci vive ci va a scuola e ci lavora perchÃ© non dovrebbe avere la cittadinanza italiana? Ma che stai dicendo, che esempio del cavolo scrivi. Ma Ã© incredibile a volte leggere queste stronzate.",0.5716857,0.04397394,0.10221587,0.5678696
@rinoraf ğŸ‘,0.15269235,0.008926392,0.004606233,0.081508696
"@rinoraf Comunque, Ã¨ vero, nemmeno io sopporto piÃ¹ questi che parlano in tedesco e dicono di essere italiani.",0.24442963,0.0119018555,0.27662867,0.100019015
@fitsongs peccato che io parli della proposta di legge,0.059479803,0.0018119812,0.005512681,0.019419061
"@rinoraf Parla talmente male in italiano che non hai capito niente, vero?ğŸ˜‚",0.28674445,0.007133484,0.023796257,0.3126888
cattivo giocatore ğŸ˜‚ğŸ˜‚ğŸ˜‚,0.38434127,0.013414118,0.01565665,0.25007802
Poi Ã¨ arrivato Valditara ed ha messo il tetto agli immigrati nelle scuole...boom. un ministro da medioevo,0.31132057,0.011444092,0.10815793,0.35677677
@rinoraf capito tutto ğŸ˜¢,0.017718147,0.0014686584,0.0034408006,0.008956885
"@rinoraf esempio di tutt'altro genere? Santa pazienza, non sapete nemmeno leggere l'italiano e sindacate sull'italianitÃ  altrui",0.30319387,0.0066375732,0.047706615,0.26957804
"@rinoraf quindi una persona nasce in Italia studia in Italia, lavora in Italia e ci paga le tasse e non Ã¨ italiano? Che spettacolo ğŸ¤¦ğŸ»â€â™€ï¸",0.104361884,0.0030136108,0.050443888,0.035553806
"Esatto ancora oggi parlare di questo Ã¨ ASSURDO, nasci e cresci in un posto hai quella cittadinanza, se vai a vivere in un altro Stato richiedi la nuova cittadinanza, come tanti della nostra famiglia che ora sono tedeschi...chissÃ  perchÃ©...",0.11305673,0.0039863586,0.04951127,0.061451588
@rinalgram Ma che noia cosa? Ti sembra un argomento di poco conto?,0.06263174,0.0010728836,0.0018683918,0.03335018
Che noia,0.028856417,0.0013256073,0.0024603575,0.017549826
Vergognoso,0.13908891,0.002231598,0.0026453468,0.107333586
Una grande maestra prende dei bambini piccoli e li trasforma il primi ballerini. Facile selezionare ragazzi che sono giÃ  professionisti formati da altri come fa questa signora. Per altro Alessandra Ã¨ stata capace di definire ragazze con la 42 oggettivamente grasse. E poi fazione la littizzetto fanno le menate sul bullismo e il body shaming e invitano questa. Coerenza zero ğŸ˜‚,0.2786282,0.011749268,0.045901958,0.28586254
Celentano ğŸ¤®,0.0926474,0.0023078918,0.0019978844,0.05086332
@sanla.77 fa solo pena ğŸš½ e pure cattiva,0.50789946,0.023505108,0.026408968,0.5543018
La Celentano in passato era solo antipatica Oggi Ã¨ pure arrogante e maleducata,0.4977744,0.023076924,0.028628819,0.6308392
"@sanla.77 invece offende e parecchio per le parole che usa e i toni,i modi. Deve andare cosÃ¬ perchÃ© Ã¨ una trasmissione televisiva e fa show ma non facciamo passare per normalitÃ  certe cose che accadono la dentro,non solo per la Celentano ovviamente.",0.085582085,0.0014591217,0.004328749,0.042665333
@salvachighine la veritÃ  si puÃ² dire anche con dolcezza e tatto. Lei Ã¨ sempre arrogante e presuntuosa.,0.4850187,0.010375977,0.011321344,0.5739874
La Celentano Ã¨ nata antipatica!!!,0.3974717,0.01502803,0.026408968,0.47787863
@cilia028 cattivo giocatore ğŸ˜‚ğŸ˜‚ğŸ˜‚,0.24442963,0.0034713745,0.0048837173,0.1823172
cattivo giocatore ğŸ˜‚ğŸ˜‚ğŸ˜‚,0.38434127,0.013414118,0.01565665,0.25007802
Bella figura di merda! Grazie mille!,0.40614098,0.023076924,0.0036627878,0.16846494
"gurl, count your error... Omg!!!!!",0.15213956,0.0033950806,0.0039772694,0.05262003
ğŸ”¥ğŸ˜¢,0.06817148,0.007858276,0.004347248,0.017088935
Ma sta sempre a fotografarli.  Esagerata,0.051563308,0.0012302399,0.0020811295,0.03335018
Umiliazione e vergogna,0.15987846,0.007133484,0.008324518,0.07396803
Che Ã¨ successo alla voce? ğŸ˜•,0.006377276,0.00039815903,0.00050640816,0.006781372
The coach of the other team is nuts ğŸ˜‚,0.5140397,0.023076924,0.05976611,0.5332045
ğŸ‘ğŸ»,0.15048122,0.006713867,0.003348306,0.06529768
"Basterebbe fermare le guerre..
Vi ammiro ma Ã¨ una battaglia persa ğŸ˜¢",0.013257195,0.00084877014,0.0025343532,0.009203887
PerÃ² Ã¨ veramente bruttina .,0.52139956,0.023076924,0.032753747,0.6120431
O problema da Sylla Ã© a prÃ³pria Sylla ğŸ˜‚,0.051563308,0.001206398,0.004088263,0.029714199
So much of high level volleyball is passing HIGH. Giving the setter and/or hitter enough time to make a good play on that first pass is so important. I'm tired of my local gym with basketball hoops and low ceiling ğŸ˜‚,0.025792383,0.0010108948,0.002210622,0.011578901
ğŸ”¥ğŸ˜¢,0.06817148,0.007858276,0.004347248,0.017088935
troppo troppo forte.,0.02343543,0.0015068054,0.003144818,0.010856897
Quando vedrÃ² la torta con i 30 avrÃ² un mancamento @miriamsylla ğŸ¥²,0.010429831,0.000705719,0.0013041744,0.007930879
dire bella Ã¨ poco,0.123468354,0.002746582,0.011617327,0.04032305
"I don't think she should be Italy's starter, Bosetti is better...",0.032863233,0.0011348724,0.009619443,0.015340924
@pallavolisti_brutti peccato esista anche la ricezione nel volley,0.19870108,0.005836487,0.014450782,0.13245803
But... What she did in National Team is very different to what she did in the club ğŸ˜¢ğŸ˜¢ğŸ˜¢,0.039462693,0.0016975403,0.0039772694,0.013288911
Palamadoooo ğŸ˜®,0.0466155,0.0018119812,0.0017481487,0.023995465
uau ğŸ¥µ,0.03592727,0.0031471252,0.004162259,0.013212911
"Non vale, sotto i piedi c'ha le molle",0.112540044,0.0047302246,0.0047727237,0.06687108
Illegale,0.15269235,0.00459671,0.07177465,0.053205602
@lara_caravello invidiosa!?,0.25915736,0.0037765503,0.0068446035,0.26957804
ğŸ˜® Oh my god,0.03192045,0.0023269653,0.004347248,0.0118069025
ğŸ™ˆğŸ™ˆğŸ™ˆğŸ™ˆğŸ™ˆ,0.017718147,0.0022792816,0.0014984132,0.009640889
Troppo ğŸ˜˜ da perdere la testa,0.13214645,0.005760193,0.003607291,0.06564732
Anche fuori campo fai pauraaaaağŸ”¥ğŸ”¥,0.04735767,0.0015068054,0.0018591423,0.029163294
ğŸ˜®ğŸ˜®ğŸ˜®,0.02072494,0.0023841858,0.001933138,0.00975489
ğŸ¥µğŸ¥µğŸ¥µğŸ¥µğŸ¥µğŸ¥µğŸ¥µğŸ¥µğŸ¥µğŸ¥µ,0.077668175,0.008544922,0.0029968263,0.013820915
Oh.. Caz.... stavo bevendo... mi so strozzato...,0.2854903,0.014576134,0.004606233,0.0573046
ğŸ˜­ğŸ˜­ğŸ˜­ğŸ’œ,0.007382561,0.0012969971,0.001276426,0.0063918694
ğŸ˜®ğŸ˜®ğŸ˜®,0.02072494,0.0023841858,0.001933138,0.00975489
X far vedere il culo o lo sponsor???ğŸ˜‚ğŸ˜‚ğŸ˜‚ğŸ˜‚ğŸ˜‚,0.47119883,0.027833538,0.01274247,0.27763805
ğŸ¥µ,0.049089402,0.004119873,0.0036997858,0.01640493
Chaj ğŸ˜±ğŸ˜±ğŸ˜±,0.048594624,0.00415802,0.0073625734,0.027218282
ğŸ’¦ğŸ¥µ,0.16591948,0.015673593,0.0062526376,0.022319598
aiuto la bellezza piango,0.07450261,0.0032424927,0.007288578,0.016860934
Prepotenzaâ€¦,0.04760506,0.0013160706,0.0018683918,0.029714199
@alecappe0 don't gossiping it's a sin,0.1641865,0.0038719177,0.009027477,0.04910661
Christians shouldn't has tattos and piercings,0.42349213,0.023076924,0.5039629,0.20434737
"No offense, but having a friend like you is my biggest fear",0.3666224,0.011138916,0.018872296,0.26395
@dnzoztrk_08 ma veramente ve la sentite di fare questi commenti inutili? Dopo aver vinto una partita in cui tutti i set che avete vinto eravamo a due punti di stacco ad esclusione dell'ultimo? Tutta questa vostra grandezza sinceramente non l'ho vista nei vostri giochi dovete ringraziare che abbiamo fatto errori e nell'ultimo set le ragazze si sono perse altrimenti avreste perso. Cercate di essere meno arroganti,0.39669925,0.013091337,0.016058605,0.42743355
"ragazze Ã¨ ora di farsi sentire, non potete lasciar distruggere lâ€™intera squadra per i capricci di quellâ€™egoriferito!!!",0.4274071,0.020515325,0.029402243,0.4710501
What a pathetic performance from you guys against Netherlandsâ€¦ Embarrassing.,0.6407703,0.02077355,0.09245483,0.6677319
@vincioooooo you lost 3rd match haha you are nothing without egonu,0.34757367,0.011291504,0.014048826,0.26957804
Senin adÄ±na Ã§ok Ã¼zÃ¼lÃ¼yorum.HaklÄ±sÄ±n tabii ki TÃ¼rkiye gibi harika bir takÄ±ma yenildiniz ve bu sizin iÃ§in bir travma.KoÃ§umuzun milletine kadar biliyorsunuz gÃ¼zel Ã¶ÄŸretmiÅŸizğŸ˜‚ğŸ˜‚ğŸ˜‚,0.13388206,0.013672344,0.057037655,0.12521741
sen kendini ne zannettin de eda kaptanimi taklit etme cÃ¼retini buldun kendinde,0.09655223,0.009346008,0.015958117,0.03588435
"Tifosi turchi ora vi sentite realizzati che avete portato la vostra immaturitÃ  sotto il post di una giocatrice che oltre che mettervi in difficoltÃ  e lottare per questa semifinale, non vi ha vatto nulla?",0.32764325,0.017158391,0.17847598,0.36798462
@dnzoztrk_08 siete delle merde tanto perdete in finale pagliacci ğŸ¤¡,0.8403191,0.35368225,0.058856625,0.7827088
Sen kimsin ki koskoca Eda Erdem hazretlerinin taklidini yapÄ±yorsun hayÄ±rdÄ±r yaa haddini bil,0.027442247,0.0032424927,0.007917541,0.021546122
"@dnzoztrk_08 io sono fiere della squadra che abbiamo, non come le vostre giocatriciâ€¦ antipatiche come non so cosa ğŸ˜š",0.37751234,0.009994507,0.03249594,0.40243408
Voglio maledirti davvero tantoğŸ‡¹ğŸ‡·ğŸ‡¹ğŸ‡·ğŸ‡¹ğŸ‡· @miriamsylla,0.49139655,0.19761463,0.036105253,0.40189892
"@asif_fffffffff sil bunu, rezil etmeyin kendinizi",0.3057765,0.067522444,0.06294931,0.16890354
@dnzoztrk_08 siete la nazionale piÃ¹ antisportiva al mondo,0.3827457,0.016706496,0.22707681,0.36709076
Voglio maledirti davvero tantoğŸ‡¹ğŸ‡·ğŸ‡¹ğŸ‡·ğŸ‡¹ğŸ‡·,0.50503236,0.18538254,0.029917859,0.38406035
CHE RAZZA DI DEA ASSOLUTA. INVIDIA PURISSIMA,0.4269174,0.023076924,0.14019285,0.42567953
ğŸ¤¢ğŸ¤¢,0.09741997,0.0073623657,0.0029783275,0.0233509
Lo invidio come se non ci fosse un domani!Bomber!,0.12867521,0.008850098,0.004606233,0.061801232
@robertofiorili mi prendi x il culo?,0.7675452,0.3532795,0.033269364,0.5130944
..BEATO TE!!!!!!!.. DONNA STREPITISA IN TUTTE LE QUALITA'!!!..,0.25915736,0.010757446,0.053854458,0.27969417
"Non vale postare foto del mare, ci sono persone che non sono ancora andate in ferire che muoiono di invidia! ğŸ˜‚ğŸ˜‚ğŸ˜‚",0.10913446,0.0045776367,0.004439743,0.047935467
ğŸ”¥ğŸ”¥ğŸ”¥mom and dad ğŸ˜¢,0.058737632,0.008544922,0.0038107792,0.019354604
"Sarebbe stato giusto che voi giocatrici che avete condiviso tanto negli ultimi anni aveste fatto gruppo tra di voi non permettendo a un allenatore, che sta distruggendo la forza della nazionale, di far fuori prima Moki, Caterina, Cristina e poi Paola. Avreste dovuto lottare per le vostre compagne e non appoggiare le decisioni di chi si nasconde dietro il termine percorso (dopo la bellezza di 5) per nascondere lâ€™ennesimo fallimento. Le ragazze terribili hanno fatto il successo di questa nazionale, non permettete a nessuno di mettervi allâ€™angolo",0.21508642,0.007286072,0.023595277,0.23237456
Fighissima,0.18174082,0.007820129,0.009064475,0.12883772
Miriam hai messo le dita nella presa? ğŸ˜‚ğŸ˜‚,0.0438942,0.0014877319,0.0014984132,0.02264188
Che invidiaaaaaaa,0.027088705,0.0007390976,0.0009711938,0.01819439
"Attenta Miriam,ti Ã¨ esplosa una bomba tra i capelli !!",0.27412915,0.016900165,0.008953481,0.16766082
Ù…Ø¹ Ø§Ø­ØªØ±Ø§Ù…ÙŠ ÙˆØªÙ‚Ø¯ÙŠØ±ÙŠ Ù„Ùƒ Ù…Ø±ÙŠÙ… ÙÙŠ Ù‡Ø¯Ù‡ Ø§Ù„ØµÙˆØ±Ø© Ø¬Ø¦Øª Ø¨Ø´Ø¹Ø©.Ù…Ø§ Ù‡Ø¯Ù‡ Ø§Ù„ØµÙˆØ±Ø© ØŸØŸ,0.22043827,0.004634857,0.005401687,0.082619295
ğŸ˜±ğŸ˜±ğŸ˜±ğŸ˜±ğŸ˜± adoravo quelle treccineeeee ğŸ«£ğŸ˜­,0.0058118035,0.0004720688,0.00043472482,0.006182868
ğŸ˜¢,0.026028076,0.0018310547,0.003144818,0.010818896
Porca troia.....ğŸ˜®,0.76523775,0.4379392,0.120924085,0.71120167
@sabiikale pior que ela faz isso tudo e ainda mais,0.28548008,0.008621216,0.009175468,0.09416737
what happened to her? ğŸ¥º,0.044388983,0.0020980835,0.003903274,0.011540901
Come si fa a non amarla? ğŸ”¥ğŸ”¥,0.02402467,0.0012493134,0.0021551251,0.011996903
@angelo.m.bello tu invece corri a studiarlo l'italiano che ci stanno sanguinando gli occhi a leggere le porcherie sgrammaticato che scrivi. Non hai nessun ritegno nel coprirti di ridicolo.,0.63782936,0.023076924,0.053399716,0.6798578
@angelo.m.bello ma stai zitto ignorante.,0.8115627,0.16960317,0.041003603,0.8012121
@bruno.accanti invecchiato maluccio allora cogl.one..,0.7701451,0.35368225,0.09824528,0.7775208
fatti x 30 anni cerebroleso,0.5024724,0.023076924,0.030691283,0.5393265
@bruno.accanti gioca tu cog.ioneğŸ¤¦ğŸ½â€â™‚ï¸,0.6744087,0.16960317,0.02439919,0.65231085
@alessioromoloadinolfi Era Paola EgonuğŸ¤¦â€â™‚ï¸,0.007916619,0.00056266785,0.0006937098,0.008709883
Performance sylla sangat buruk jadi italia gagal ke paris,0.15656179,0.00793457,0.0775651,0.12702756
@tucekorkut ma avete proprio rotto i coglioni,0.6027529,0.16960317,0.030433474,0.5130944
17 a 13 per voi perdete il set con 2 tuoi errori in ricezione e ti sei presa muro sull'ultimo punto.. sei pessima,0.5921536,0.023505108,0.020279141,0.5723624
Aiutami a dire Sylla!!!,0.005529067,0.00034093857,0.00053415657,0.006828872
@alessioromoloadinolfi l'Italia Ã¨ un paese con un diffuso sentimento razzista...,0.42568782,0.023270357,0.46028158,0.36798462
@alessioromoloadinolfi io non ti amo,0.2820025,0.0076675415,0.017766917,0.16480011
@alessioromoloadinolfi la giocatrice Ã¨ un'altra ma la ragione non cambia. Siamo uno dei paesi piÃ¹ razzisti d'Europa,0.3389984,0.018191293,0.2877625,0.27969417
"@alessioromoloadinolfi rileggiti..hai scritto una qualsiasi cosa poteva scrivere un leghista o un razzista fascista ..che devo pensare io?? Che lo sei??? ..un commento cosÃ¬ pieno di luoghi comuni che se sei ironico ce ne vuole a capirlo ..ora fammi il piacere di andare a sfiorare altri profili,ma non affacciarti sul mio ..da un ebete a un COGLIONCELLO",0.6544696,0.34942797,0.1064171,0.6675394
"@alessioromoloadinolfi ohhhhhhh ebete.. mamma mia che parolone da stile di vita del cazzo che fai .a me Ã¨ bastato vedere la foto del tuo profilo,per capire che sei un sapientone..scrivi cose scontate ,o magari volevi essere ironico..non ci sei riuscito",0.6407703,0.34969926,0.068465814,0.57787937
"@fsessa64 ho sfiorato il tuo profilo, ti voglio bene ma il mio stile di vita e la mia tolleranza e il mio antirazzismo te lo sogni, sei solo un povero ebete che non sa nulla",0.5885171,0.05832097,0.16159154,0.6149945
"@alessioromoloadinolfi era meglio se scrivi a cazzo dando pugni al telefono,usciva qualcosa di piÃ¹ coerente con il tuo stile di vita demmerda che fai ..o che hai",0.85173553,0.45895407,0.10221587,0.7090544
@alessioromoloadinolfi poi leggiamo commenti come il tuo e ne abbiamo la conferma...,0.045625936,0.00084400177,0.0010220658,0.025413504
ğŸ˜®ğŸ˜®ğŸ˜®,0.02072494,0.0023841858,0.001933138,0.00975489
Poi la invitano a Sanremo e dice che in Italia siamo razzisti,0.17891699,0.0104522705,0.10221587,0.11172232
Sorry but i do not understand why you have to exibit your back.,0.20126031,0.005302429,0.008028535,0.06634661
ğŸ˜®ğŸ˜®ğŸ˜®ğŸ˜®ğŸ˜®,0.019728716,0.002670288,0.0017573982,0.009431887
Scusa naomi ğŸ”¥ğŸ¥µ,0.0665887,0.004787445,0.0031263188,0.019032324
Devastante ğŸ”¥,0.050821137,0.0024604797,0.00155391,0.017485369
My heart ğŸ¥¹ğŸ¥¹,0.013131535,0.0012779236,0.0025713511,0.006667371
@miriamsylla ğŸ’©ğŸ’©ğŸ’©ğŸ’©ğŸ’©ğŸ’©ğŸ’©ğŸ’©ğŸ’©ğŸ’©ğŸ’©ğŸ’©ğŸ’©ğŸ’©ğŸ’©ğŸ’©ğŸ’©ğŸ’©ğŸ’©ğŸ’©ğŸ’¯%ğŸ’¥,0.2540519,0.023076924,0.006881601,0.15556364
@miriamsylla ğŸ’©ğŸ’©ğŸ’©ğŸ’©ğŸ’©ğŸ’©ğŸ’©ğŸ’©ğŸ’©ğŸ’©ğŸ’©ğŸ’©ğŸ’©ğŸ’©ğŸ’©ğŸ’©ğŸ’©ğŸ’©ğŸ’©ğŸ’©ğŸ’©ğŸ’©ğŸ’©ğŸ’¯%,0.25462922,0.023076924,0.00569767,0.15911613
ğŸ’©ğŸ’©ğŸ’©ğŸ’©ğŸ’©ğŸ’©ğŸ’©ğŸ’©ğŸ’©ğŸ’©ğŸ’©ğŸ’©ğŸ’©ğŸ’¥,0.3389984,0.02406851,0.014350293,0.17486192
ğŸ‘ğŸ»ğŸ‘ğŸ»ğŸ‘ğŸ»ğŸ‘ğŸ»ğŸ‘ğŸ»ğŸ‘ğŸ»ğŸ‘ğŸ»ğŸ‘ğŸ»ğŸ‘ğŸ»ğŸ‘ğŸ»ğŸ‘ğŸ»ğŸ‘ğŸ»ğŸ‘ğŸ»ğŸ‘ğŸ»ğŸ‘ğŸ»ğŸ‘ğŸ»ğŸ‘ğŸ»,0.2854937,0.02116089,0.008546505,0.09416737
ğŸ’©ğŸ’¥ğŸ’©ğŸ’¥ğŸ’©ğŸ’¥ğŸ’©ğŸ’¥ğŸ’©ğŸ’¥ğŸ’©ğŸ’¥ğŸ’©ğŸ’¥ğŸ’©ğŸ’¥ğŸ’©ğŸ’¥ğŸ’©ğŸ’¥ğŸ’©ğŸ’¥ğŸ’©,0.39021665,0.05742428,0.016963007,0.24928534
ğŸ˜­â¤ï¸,0.013382856,0.002002716,0.0022198714,0.007911879
@gueyeleuz ma vai a cagare,0.71760553,0.35022295,0.01274247,0.65865606
Odio sti neri famosi che pensano che devono solo essere con un bianco,0.76523775,0.27908814,0.7895903,0.48627716
ğŸ‘ğŸ»ğŸ‘ğŸ»ğŸ‘ğŸ»ğŸ‘ğŸ»ğŸ‘ğŸ»ğŸ‘ğŸ»ğŸ‘ğŸ»ğŸ‘ğŸ»ğŸ‘ğŸ»ğŸ‘ğŸ»ğŸ–•ğŸ»,0.44573322,0.06011435,0.017867407,0.36709076
ğŸ’©ğŸ’©ğŸ’©ğŸ’©ğŸ’©ğŸ’©ğŸ’©ğŸ’©ğŸ’©ğŸ’©ğŸ’©ğŸ’©ğŸ’©ğŸ’¯%,0.33338684,0.02378681,0.016159095,0.1823172
â¤ï¸â€ğŸ©¹,0.019351736,0.0025558472,0.0030708222,0.0096028885
Vai cap!,0.011058134,0.0009441376,0.0012024303,0.0084818825
@_alessandro___popina_ mi dispiace ma ha scelto lui invece che te,0.16245349,0.0044059753,0.0075845607,0.07365121
E nooooo,0.007885204,0.00047683716,0.00089719804,0.006895372
ğŸ˜®ğŸ˜®ğŸ˜®ğŸ˜®ğŸ˜®,0.019728716,0.002670288,0.0017573982,0.009431887
Devastante ğŸ”¥ğŸ”¥ğŸ”¥ğŸ”¥,0.044883765,0.002298355,0.0014614153,0.014884921
"Giocatrice sopravvalutata, percentuali d'attacco veramente basse. Tanto fumo e poco arrosto.",0.25462922,0.0036621094,0.006178642,0.25602314
@au.relio2009 non serve fare un paragone non un opposta.....fallo con delle lateli.....e sylla  Ã¨ MENO forte di tante......QUASI DELL 70 % DELLE LATERALI DI SERIE A1,0.044141594,0.0013446808,0.0034408006,0.020643732
Molto molto discontinua....fa solo tanta scena e sembra forte....sinceramente  a me non piace...,0.09785384,0.0011920929,0.0018683918,0.06250052
PerchÃ© non pubblicate i mille errori fatti nel tiÃ¨ break che ci hanno portato alla sconfitta? Fare dei punti di circostanza non porta a niente,0.028385026,0.0005245209,0.0011099357,0.02051482
@hereforpietrini_ ho paura,0.025910228,0.0019836426,0.0058456613,0.017227544
ğŸ’£ğŸ’£ğŸ’£,0.028149333,0.0039482117,0.002830336,0.0114269
"MADAME TAKE IT EASY OOO
DONT GO AND KILL YOURSELF ğŸ˜‚",0.62136006,0.34993178,0.037136484,0.3388922
Ipocrisia dilagante,0.18649188,0.0041770935,0.009471451,0.123407245
Ã‰ sempre peggio altro che!!! Ragazzi giovani che muoiono per colpa di sto coglioni vecchi...morissero loro e le loro idee,0.6667219,0.35368225,0.11047905,0.6407567
"@divatopsantos Presumo che stia dicendo che ho detto una cosa razzista. Il concetto di ""marginale razzista"" mi sfugge; capendo perÃ² purtroppo bene la mente di molti paladini anti-razzisti (essere un paladino dell'antirazzismo dando del razzista a chiunque non abbia la stessa opinione di un nero su cosa sia razzismo, o a chiunque critichi il pensiero di un nero e i sentimenti di un nero in tema di razzismo, coincide tranquillamente con il concetto di ""marginale razzista"") ho paura che tu ti stia riferendo a me. La conclusione sul ""vivere in gabbia"" Ã¨ ermetica, anche in questo caso potresti volerti riferire a me. Se Ã¨ come penso, hai la psiche malata. In caso contrario spiegati.",0.33836752,0.023364257,0.2823795,0.36365277
Meritavi tu di andare a Sanremo. Purtroppo in Italia solo chi si lamenta e fa la vittima viene premiato,0.23812068,0.010070801,0.1007269,0.24561718
"Turkey has declared a fourth level alert state. the ""level 4"" alarm condition includes an international call for help. for those of you around the world reading this message. our people who were under the rubble of the earthquake in my country need your help to be saved.ğŸ‡¹ğŸ‡·ğŸ‡¹ğŸ‡·ğŸ‡¹ğŸ‡·",0.059479803,0.0020122528,0.024600167,0.017936565
"Turkey has declared a fourth level alert state. the ""level 4"" alarm condition includes an international call for help. for those of you around the world reading this message. our people who were under the rubble of the earthquake in my country need your help to be saved.ğŸ‡¹ğŸ‡·ğŸ‡¹ğŸ‡·ğŸ‡¹ğŸ‡·",0.059479803,0.0020122528,0.024600167,0.017936565
Please donâ€™t come and kill us ooo,0.4394682,0.02420936,0.023595277,0.06442356
ğŸ˜®ğŸ˜®ğŸ˜®,0.02072494,0.0023841858,0.001933138,0.00975489
"@miriamsylla ğŸ”¥ğŸ”¥ğŸ”¥ğŸ”¥ğŸ”¥ğŸ”¥! PerÃ² devi avvertire prima, altrimenti rischiamo l'infarto!",0.17285149,0.008773804,0.006178642,0.03235855
OH MY GOOODDEEEESSSSSS ğŸ’¥ğŸ’¥ğŸ’¥ğŸ’¥ğŸ¾ğŸ¾ğŸ¾ğŸ’²ğŸ’²ğŸ’²ğŸ’²ğŸ’²ğŸ¥µğŸ¥µğŸ¥µ,0.03545588,0.0052261353,0.003366805,0.010058892
ğŸ’£ğŸ’£ğŸ’£ğŸ’£,0.03309893,0.0048065186,0.00258985,0.012300906
ğŸ¤®ğŸ¤®ğŸ¤®ğŸ¤®ğŸ¤®,0.09394901,0.012435913,0.0025343532,0.024511116
schiacciare dal terzo anello ğŸ’¥,0.2854699,0.01806218,0.017264472,0.036214896
ğŸ˜®ğŸ˜®ğŸ˜®,0.02072494,0.0023841858,0.001933138,0.00975489
